Complexity metrics,Mon, 12 Jun 2023 10:18:30 CEST
Method,CogC,ev(G),iv(G),v(G)
main.java.Appliance.getState(),0,1,1,1
main.java.ApplianceFactory.createAppliance(ApplianceType),1,3,1,3
main.java.Fan.togglePower(),3,1,3,3
main.java.Light.togglePower(),3,1,3,3
"main.java.SmartHomeControl.followCommand(ApplianceType, String)",2,2,3,3

Class,OCavg,OCmax,WMC
main.java.Appliance,1.00,1,1
main.java.ApplianceFactory,4.00,4,4
main.java.ApplianceType,n/a,n/a,0
main.java.Fan,2.00,2,2
main.java.Light,2.00,2,2
main.java.SmartHomeControl,3.00,3,3

Package,v(G)avg,v(G)tot
main.java,2.60,13

Module,v(G)avg,v(G)tot
Mediator_GhostWriter01_Refactor,2.60,13

Project,v(G)avg,v(G)tot
project,2.60,13

