Complexity metrics,Thu, 25 May 2023 12:03:27 CEST
Method,CogC,ev(G),iv(G),v(G)
main.java.CoffeeDecorator.CoffeeDecorator(Coffee),0,1,1,1
main.java.CoffeeDecorator.getCost(),0,1,1,1
main.java.CoffeeDecorator.getDescription(),0,1,1,1
main.java.CoffeeShop.main(String[]),0,1,1,1
main.java.Milk.Milk(Coffee),0,1,1,1
main.java.Milk.getCost(),0,1,1,1
main.java.Milk.getDescription(),0,1,1,1
main.java.SimpleCoffee.getCost(),0,1,1,1
main.java.SimpleCoffee.getDescription(),0,1,1,1
main.java.Vanilla.Vanilla(Coffee),0,1,1,1
main.java.Vanilla.getCost(),0,1,1,1
main.java.Vanilla.getDescription(),0,1,1,1

Class,OCavg,OCmax,WMC
main.java.CoffeeDecorator,1.00,1,3
main.java.CoffeeShop,1.00,1,1
main.java.Milk,1.00,1,3
main.java.SimpleCoffee,1.00,1,2
main.java.Vanilla,1.00,1,3

Package,v(G)avg,v(G)tot
main.java,1.00,12

Module,v(G)avg,v(G)tot
Decorator_ChatGPT02,1.00,12

Project,v(G)avg,v(G)tot
project,1.00,12

