Lines of code metrics,Thu, 25 May 2023 12:05:26 CEST
Method,CLOC,JLOC,LOC,NCLOC,RLOC
main.java.Coffee.getCost(),0,n/a,n/a,1,20.00%
main.java.Coffee.getDescription(),0,n/a,n/a,1,20.00%
main.java.CoffeeDecorator.CoffeeDecorator(Coffee),0,0,3,3,20.00%
main.java.CoffeeDecorator.getCost(),0,0,4,4,26.67%
main.java.CoffeeDecorator.getDescription(),0,0,4,4,26.67%
main.java.CoffeeShop.main(String[]),1,0,8,7,72.73%
main.java.Milk.Milk(Coffee),0,0,3,3,18.75%
main.java.Milk.getCost(),0,0,4,4,25.00%
main.java.Milk.getDescription(),0,0,4,4,25.00%
main.java.SimpleCoffee.getCost(),0,0,4,4,30.77%
main.java.SimpleCoffee.getDescription(),0,0,4,4,30.77%
main.java.Vanilla.Vanilla(Coffee),0,0,3,3,20.00%
main.java.Vanilla.getCost(),0,0,4,4,26.67%
main.java.Vanilla.getDescription(),0,0,4,4,26.67%

Class,CLOC,JLOC,LOC
main.java.CoffeeDecorator,1,0,15
main.java.CoffeeShop,2,0,11
main.java.Milk,1,0,16
main.java.SimpleCoffee,1,0,13
main.java.Vanilla,0,0,15

Interface,CLOC,JLOC,LOC,NCLOC
main.java.Coffee,1,0,5,4

Package,CLOC,CLOC(rec),JLOC,JLOC(rec),LOC,LOC(rec),LOCp,LOCp(rec),LOCt,LOCt(rec),NCLOC,NCLOCp,NCLOCp(rec),NCLOCt
,n/a,6,n/a,n/a,n/a,81,n/a,81,n/a,0,n/a,n/a,75,n/a
main,n/a,6,n/a,n/a,n/a,81,n/a,81,n/a,0,n/a,n/a,75,n/a
main.java,0,6,0,0,81,81,81,81,0,0,75,75,75,0

Module,JLOC,L(CSS),L(Groovy),L(HTML),L(J),L(JS),L(JSP),L(KT),L(XML),LOC,LOCp,LOCt,NCLOC,NCLOCp,NCLOCt
Decorator_ChatGPT02,0,0,0,0,81,0,0,0,0,106,81,0,100,75,0

FileType,LOC,NCLOC
.gitignore (GitIgnore),25,25
Java,81,75

Project,CLOC,JLOC,L(CSS),L(Groovy),L(HTML),L(J),L(JS),L(JSP),L(KT),L(XML),LOC,LOCp,LOCt,NCLOC,NCLOCp,NCLOCt
project,6,0,0,0,0,81,0,0,0,0,106,81,0,100,75,0

