Complexity metrics,Mon, 12 Jun 2023 13:36:39 CEST
Method,CogC,ev(G),iv(G),v(G)
main.java.Fan.getState(),0,1,1,1
main.java.Fan.turnOff(),0,1,1,1
main.java.Fan.turnOn(),0,1,1,1
main.java.Light.getState(),0,1,1,1
main.java.Light.turnOff(),0,1,1,1
main.java.Light.turnOn(),0,1,1,1
main.java.Mediator.addControl(Control),0,1,1,1
"main.java.Mediator.followCommand(String, Control)",2,1,3,3
main.java.SmartHomeControl.getState(),0,1,1,1
main.java.SmartHomeControl.setAppliance(Appliance),0,1,1,1
main.java.SmartHomeControl.turnOff(),0,1,1,1
main.java.SmartHomeControl.turnOn(),0,1,1,1

Class,OCavg,OCmax,WMC
main.java.Fan,1.00,1,3
main.java.Light,1.00,1,3
main.java.Mediator,2.00,3,4
main.java.SmartHomeControl,1.00,1,4

Package,v(G)avg,v(G)tot
main.java,1.17,14

Module,v(G)avg,v(G)tot
Mediator_GhostWriter02,1.17,14

Project,v(G)avg,v(G)tot
project,1.17,14

