Lines of code metrics,Sat, 27 May 2023 09:41:48 CEST
Method,CLOC,JLOC,LOC,NCLOC,RLOC
main.java.Main.main(String[]),0,0,12,12,85.71%
main.java.NewsletterSubscription.notifyObservers(),1,0,7,7,30.43%
main.java.NewsletterSubscription.registerObserver(Observer),0,0,4,4,17.39%
main.java.NewsletterSubscription.setNewsletter(String),0,0,4,4,17.39%
main.java.NewsletterSubscription.unregisterObserver(Observer),0,0,4,4,17.39%
main.java.Observer.update(String),0,n/a,n/a,1,33.33%
main.java.Subject.notifyObservers(),0,n/a,n/a,1,20.00%
main.java.Subject.registerObserver(Observer),0,n/a,n/a,1,20.00%
main.java.Subject.unregisterObserver(Observer),0,n/a,n/a,1,20.00%
main.java.User.User(String),0,0,3,3,30.00%
main.java.User.update(String),0,0,4,4,40.00%

Class,CLOC,JLOC,LOC
main.java.Main,0,0,14
main.java.NewsletterSubscription,1,0,23
main.java.User,0,0,10

Interface,CLOC,JLOC,LOC,NCLOC
main.java.Observer,0,0,3,3
main.java.Subject,0,0,5,5

Package,CLOC,CLOC(rec),JLOC,JLOC(rec),LOC,LOC(rec),LOCp,LOCp(rec),LOCt,LOCt(rec),NCLOC,NCLOCp,NCLOCp(rec),NCLOCt
,n/a,1,n/a,n/a,n/a,62,n/a,62,n/a,0,n/a,n/a,62,n/a
main,n/a,1,n/a,n/a,n/a,62,n/a,62,n/a,0,n/a,n/a,62,n/a
main.java,0,1,0,0,62,62,62,62,0,0,62,62,62,0

Module,JLOC,L(CSS),L(Groovy),L(HTML),L(J),L(JS),L(JSP),L(KT),L(XML),LOC,LOCp,LOCt,NCLOC,NCLOCp,NCLOCt
Observer_ChatGPT02_Refactor,0,0,0,0,62,0,0,0,0,87,62,0,87,62,0

FileType,LOC,NCLOC
.gitignore (GitIgnore),25,25
Java,62,62

Project,CLOC,JLOC,L(CSS),L(Groovy),L(HTML),L(J),L(JS),L(JSP),L(KT),L(XML),LOC,LOCp,LOCt,NCLOC,NCLOCp,NCLOCt
project,1,0,0,0,0,62,0,0,0,0,87,62,0,87,62,0

