Lines of code metrics,Sat, 27 May 2023 16:42:53 CEST
Method,CLOC,JLOC,LOC,NCLOC,RLOC
main.java.ChargerAdapter.ChargerAdapter(CountrySpecificCharger),0,0,3,3,27.27%
main.java.ChargerAdapter.charge(),0,0,4,4,36.36%
main.java.Client.chargeMobile(),0,0,3,3,30.00%
main.java.Client.setCharger(MobileCharger),0,0,3,3,30.00%
main.java.CountrySpecificCharger.specificCharge(),0,0,3,3,50.00%
main.java.Main.main(String[]),4,0,11,7,78.57%
main.java.MobileCharger.charge(),0,n/a,n/a,1,25.00%

Class,CLOC,JLOC,LOC
main.java.ChargerAdapter,1,0,11
main.java.Client,1,0,10
main.java.CountrySpecificCharger,1,0,6
main.java.Main,5,0,14

Interface,CLOC,JLOC,LOC,NCLOC
main.java.MobileCharger,1,0,4,3

Package,CLOC,CLOC(rec),JLOC,JLOC(rec),LOC,LOC(rec),LOCp,LOCp(rec),LOCt,LOCt(rec),NCLOC,NCLOCp,NCLOCp(rec),NCLOCt
,n/a,9,n/a,n/a,n/a,50,n/a,50,n/a,0,n/a,n/a,41,n/a
main,n/a,9,n/a,n/a,n/a,50,n/a,50,n/a,0,n/a,n/a,41,n/a
main.java,0,9,0,0,50,50,50,50,0,0,41,41,41,0

Module,JLOC,L(CSS),L(Groovy),L(HTML),L(J),L(JS),L(JSP),L(KT),L(XML),LOC,LOCp,LOCt,NCLOC,NCLOCp,NCLOCt
Adapter_ChatGPT01,0,0,0,0,50,0,0,0,0,75,50,0,66,41,0

FileType,LOC,NCLOC
.gitignore (GitIgnore),25,25
Java,50,41

Project,CLOC,JLOC,L(CSS),L(Groovy),L(HTML),L(J),L(JS),L(JSP),L(KT),L(XML),LOC,LOCp,LOCt,NCLOC,NCLOCp,NCLOCt
project,9,0,0,0,0,50,0,0,0,0,75,50,0,66,41,0

