Complexity metrics,Fri, 19 May 2023 16:00:51 CEST
Method,CogC,ev(G),iv(G),v(G)
main.java.Client.main(String[]),0,1,1,1
main.java.FamilyVehicleFactory.createCar(),0,1,1,1
main.java.FamilyVehicleFactory.createTruck(),0,1,1,1
main.java.Logger.log(String),0,1,1,1
main.java.PickupTruck.start(),0,1,1,1
main.java.PickupTruck.stop(),0,1,1,1
main.java.SUV.start(),0,1,1,1
main.java.SUV.stop(),0,1,1,1
main.java.Sedan.start(),0,1,1,1
main.java.Sedan.stop(),0,1,1,1
main.java.SportsCar.start(),0,1,1,1
main.java.SportsCar.stop(),0,1,1,1
main.java.SportsVehicleFactory.createCar(),0,1,1,1
main.java.SportsVehicleFactory.createTruck(),0,1,1,1

Class,OCavg,OCmax,WMC
main.java.Client,1.00,1,1
main.java.FamilyVehicleFactory,1.00,1,2
main.java.Logger,1.00,1,1
main.java.PickupTruck,1.00,1,2
main.java.SUV,1.00,1,2
main.java.Sedan,1.00,1,2
main.java.SportsCar,1.00,1,2
main.java.SportsVehicleFactory,1.00,1,2

Package,v(G)avg,v(G)tot
main.java,1.00,14

Module,v(G)avg,v(G)tot
AbstractFactory_ChatGPT03_Refactor,1.00,14

Project,v(G)avg,v(G)tot
project,1.00,14

