Lines of code metrics,Mon, 12 Jun 2023 16:08:44 CEST
Method,CLOC,JLOC,LOC,NCLOC,RLOC
main.java.Appliance.getState(),0,n/a,n/a,1,20.00%
main.java.Appliance.turnOff(),0,n/a,n/a,1,20.00%
main.java.Appliance.turnOn(),0,n/a,n/a,1,20.00%
main.java.ControlMediator.addAppliance(Appliance),0,n/a,n/a,1,20.00%
main.java.ControlMediator.turnOff(),0,n/a,n/a,1,20.00%
main.java.ControlMediator.turnOn(),0,n/a,n/a,1,20.00%
main.java.Fan.getState(),0,0,3,3,21.43%
main.java.Fan.turnOff(),0,0,4,4,28.57%
main.java.Fan.turnOn(),0,0,4,4,28.57%
main.java.Light.getState(),0,0,3,3,21.43%
main.java.Light.turnOff(),0,0,4,4,28.57%
main.java.Light.turnOn(),0,0,4,4,28.57%
main.java.MediatorPatternDemo.main(String[]),0,0,11,11,84.62%
main.java.SmartHomeControlMediator.addAppliance(Appliance),0,0,3,3,18.75%
main.java.SmartHomeControlMediator.turnOff(),0,0,5,5,31.25%
main.java.SmartHomeControlMediator.turnOn(),0,0,5,5,31.25%

Class,CLOC,JLOC,LOC
main.java.Fan,0,0,14
main.java.Light,0,0,14
main.java.MediatorPatternDemo,0,0,13
main.java.SmartHomeControlMediator,0,0,16

Interface,CLOC,JLOC,LOC,NCLOC
main.java.Appliance,0,0,5,5
main.java.ControlMediator,0,0,5,5

Package,CLOC,CLOC(rec),JLOC,JLOC(rec),LOC,LOC(rec),LOCp,LOCp(rec),LOCt,LOCt(rec),NCLOC,NCLOCp,NCLOCp(rec),NCLOCt
,n/a,n/a,n/a,n/a,n/a,75,n/a,75,n/a,0,n/a,n/a,75,n/a
main,n/a,n/a,n/a,n/a,n/a,75,n/a,75,n/a,0,n/a,n/a,75,n/a
main.java,0,0,0,0,75,75,75,75,0,0,75,75,75,0

Module,JLOC,L(CSS),L(Groovy),L(HTML),L(J),L(JS),L(JSP),L(KT),L(XML),LOC,LOCp,LOCt,NCLOC,NCLOCp,NCLOCt
Mediator_GhostWriter03,0,0,0,0,75,0,0,0,0,100,75,0,100,75,0

FileType,LOC,NCLOC
.gitignore (GitIgnore),25,25
Java,75,75

Project,CLOC,JLOC,L(CSS),L(Groovy),L(HTML),L(J),L(JS),L(JSP),L(KT),L(XML),LOC,LOCp,LOCt,NCLOC,NCLOCp,NCLOCt
project,0,0,0,0,0,75,0,0,0,0,100,75,0,100,75,0

