Complexity metrics,Sat, 27 May 2023 14:12:08 CEST
Method,CogC,ev(G),iv(G),v(G)
main.java.NewsletterSubject.NewsletterSubject(),0,1,1,1
main.java.NewsletterSubject.addObserver(Observer),0,1,1,1
main.java.NewsletterSubject.notifyObservers(String),1,1,2,2
main.java.NewsletterSubject.removeObserver(Observer),0,1,1,1
main.java.NewsletterSubject.setLatestNewsletter(String),0,1,1,1
main.java.NewsletterSubscriptionDemo.main(String[]),0,1,1,1
main.java.Subscriber.Subscriber(String),0,1,1,1
main.java.Subscriber.update(String),0,1,1,1

Class,OCavg,OCmax,WMC
main.java.NewsletterSubject,1.20,2,6
main.java.NewsletterSubscriptionDemo,1.00,1,1
main.java.Subscriber,1.00,1,2

Package,v(G)avg,v(G)tot
main.java,1.12,9

Module,v(G)avg,v(G)tot
Obsever_ChatGPT03_Refactor,1.12,9

Project,v(G)avg,v(G)tot
project,1.12,9

