Lines of code metrics,Sat, 27 May 2023 14:13:13 CEST
Method,CLOC,JLOC,LOC,NCLOC,RLOC
main.java.NewsletterSubject.NewsletterSubject(),0,0,3,3,11.54%
main.java.NewsletterSubject.addObserver(Observer),0,0,4,4,15.38%
main.java.NewsletterSubject.notifyObservers(String),0,0,6,6,23.08%
main.java.NewsletterSubject.removeObserver(Observer),0,0,4,4,15.38%
main.java.NewsletterSubject.setLatestNewsletter(String),0,0,4,4,15.38%
main.java.NewsletterSubscriptionDemo.main(String[]),5,0,17,12,85.00%
main.java.Observer.update(String),0,n/a,n/a,1,25.00%
main.java.Subject.addObserver(Observer),0,n/a,n/a,1,16.67%
main.java.Subject.notifyObservers(String),0,n/a,n/a,1,16.67%
main.java.Subject.removeObserver(Observer),0,n/a,n/a,1,16.67%
main.java.Subscriber.Subscriber(String),0,0,3,3,27.27%
main.java.Subscriber.update(String),0,0,4,4,36.36%

Class,CLOC,JLOC,LOC
main.java.NewsletterSubject,1,0,26
main.java.NewsletterSubscriptionDemo,6,0,20
main.java.Subscriber,1,0,11

Interface,CLOC,JLOC,LOC,NCLOC
main.java.Observer,1,0,4,3
main.java.Subject,1,0,6,5

Package,CLOC,CLOC(rec),JLOC,JLOC(rec),LOC,LOC(rec),LOCp,LOCp(rec),LOCt,LOCt(rec),NCLOC,NCLOCp,NCLOCp(rec),NCLOCt
,n/a,10,n/a,n/a,n/a,75,n/a,75,n/a,0,n/a,n/a,65,n/a
main,n/a,10,n/a,n/a,n/a,75,n/a,75,n/a,0,n/a,n/a,65,n/a
main.java,0,10,0,0,75,75,75,75,0,0,65,65,65,0

Module,JLOC,L(CSS),L(Groovy),L(HTML),L(J),L(JS),L(JSP),L(KT),L(XML),LOC,LOCp,LOCt,NCLOC,NCLOCp,NCLOCt
Obsever_ChatGPT03_Refactor,0,0,0,0,75,0,0,0,0,100,75,0,90,65,0

FileType,LOC,NCLOC
.gitignore (GitIgnore),25,25
Java,75,65

Project,CLOC,JLOC,L(CSS),L(Groovy),L(HTML),L(J),L(JS),L(JSP),L(KT),L(XML),LOC,LOCp,LOCt,NCLOC,NCLOCp,NCLOCt
project,10,0,0,0,0,75,0,0,0,0,100,75,0,90,65,0

