Lines of code metrics,Wed, 24 May 2023 09:42:48 CEST
Method,CLOC,JLOC,LOC,NCLOC,RLOC
main.java.Logger.Logger(),0,0,7,7,22.58%
main.java.Logger.close(),0,0,7,7,22.58%
main.java.Logger.getInstance(),0,0,3,3,9.68%
main.java.Logger.log(String),0,0,10,10,32.26%
main.java.Main.main(String[]),0,0,6,6,75.00%

Class,CLOC,JLOC,LOC
main.java.Logger,0,0,31
main.java.Main,0,0,8

Package,CLOC,CLOC(rec),JLOC,JLOC(rec),LOC,LOC(rec),LOCp,LOCp(rec),LOCt,LOCt(rec),NCLOC,NCLOCp,NCLOCp(rec),NCLOCt
,n/a,n/a,n/a,n/a,n/a,45,n/a,45,n/a,0,n/a,n/a,45,n/a
main,n/a,n/a,n/a,n/a,n/a,45,n/a,45,n/a,0,n/a,n/a,45,n/a
main.java,0,0,0,0,45,45,45,45,0,0,45,45,45,0

Module,JLOC,L(CSS),L(Groovy),L(HTML),L(J),L(JS),L(JSP),L(KT),L(XML),LOC,LOCp,LOCt,NCLOC,NCLOCp,NCLOCt
Singleton_ChatGPT03,0,0,0,0,45,0,0,0,0,72,45,0,70,45,0

FileType,LOC,NCLOC
.gitignore (GitIgnore),25,25
Java,45,45
Text,2,n/a

Project,CLOC,JLOC,L(CSS),L(Groovy),L(HTML),L(J),L(JS),L(JSP),L(KT),L(XML),LOC,LOCp,LOCt,NCLOC,NCLOCp,NCLOCt
project,0,0,0,0,0,45,0,0,0,0,72,45,0,70,45,0

