Lines of code metrics,Sat, 27 May 2023 12:57:42 CEST
Method,CLOC,JLOC,LOC,NCLOC,RLOC
main.java.Newsletter.Newsletter(),0,0,3,3,11.54%
main.java.Newsletter.notifyObservers(),0,0,6,6,23.08%
main.java.Newsletter.registerObserver(Observer),0,0,4,4,15.38%
main.java.Newsletter.setLatestNewsletter(String),0,0,4,4,15.38%
main.java.Newsletter.unregisterObserver(Observer),0,0,4,4,15.38%
main.java.NewsletterSubscriptionDemo.main(String[]),5,0,17,12,85.00%
main.java.Observer.update(String),0,n/a,n/a,1,25.00%
main.java.Subject.notifyObservers(),0,n/a,n/a,1,16.67%
main.java.Subject.registerObserver(Observer),0,n/a,n/a,1,16.67%
main.java.Subject.unregisterObserver(Observer),0,n/a,n/a,1,16.67%
main.java.Subscriber.Subscriber(String),0,0,3,3,27.27%
main.java.Subscriber.update(String),0,0,4,4,36.36%

Class,CLOC,JLOC,LOC
main.java.Newsletter,1,0,26
main.java.NewsletterSubscriptionDemo,6,0,20
main.java.Subscriber,1,0,11

Interface,CLOC,JLOC,LOC,NCLOC
main.java.Observer,1,0,4,3
main.java.Subject,1,0,6,5

Package,CLOC,CLOC(rec),JLOC,JLOC(rec),LOC,LOC(rec),LOCp,LOCp(rec),LOCt,LOCt(rec),NCLOC,NCLOCp,NCLOCp(rec),NCLOCt
,n/a,10,n/a,n/a,n/a,76,n/a,76,n/a,0,n/a,n/a,66,n/a
main,n/a,10,n/a,n/a,n/a,76,n/a,76,n/a,0,n/a,n/a,66,n/a
main.java,0,10,0,0,76,76,76,76,0,0,66,66,66,0

Module,JLOC,L(CSS),L(Groovy),L(HTML),L(J),L(JS),L(JSP),L(KT),L(XML),LOC,LOCp,LOCt,NCLOC,NCLOCp,NCLOCt
Observer_ChatGPT03,0,0,0,0,76,0,0,0,0,101,76,0,91,66,0

FileType,LOC,NCLOC
.gitignore (GitIgnore),25,25
Java,76,66

Project,CLOC,JLOC,L(CSS),L(Groovy),L(HTML),L(J),L(JS),L(JSP),L(KT),L(XML),LOC,LOCp,LOCt,NCLOC,NCLOCp,NCLOCt
project,10,0,0,0,0,76,0,0,0,0,101,76,0,91,66,0

