Complexity metrics,Thu, 18 May 2023 14:42:09 CEST
Method,CogC,ev(G),iv(G),v(G)
Client.main(String[]),0,1,1,1
FamilyCar.start(),0,1,1,1
FamilyCar.stop(),0,1,1,1
FamilyVehicleFactory.createCar(),0,1,1,1
FamilyVehicleFactory.createTruck(),0,1,1,1
PickupTruck.start(),0,1,1,1
PickupTruck.stop(),0,1,1,1
SUV.start(),0,1,1,1
SUV.stop(),0,1,1,1
SportsCar.start(),0,1,1,1
SportsCar.stop(),0,1,1,1
SportsVehicleFactory.createCar(),0,1,1,1
SportsVehicleFactory.createTruck(),0,1,1,1

Class,OCavg,OCmax,WMC
Client,1.00,1,1
FamilyCar,1.00,1,2
FamilyVehicleFactory,1.00,1,2
PickupTruck,1.00,1,2
SUV,1.00,1,2
SportsCar,1.00,1,2
SportsVehicleFactory,1.00,1,2
Vehicle,n/a,n/a,0

Package,v(G)avg,v(G)tot
,1.00,13

Module,v(G)avg,v(G)tot
AbstractFactory_ChatGPT01_Refactor,1.00,13

Project,v(G)avg,v(G)tot
project,1.00,13

