Lines of code metrics,Thu, 18 May 2023 14:53:49 CEST
Method,CLOC,JLOC,LOC,NCLOC,RLOC
Client.main(String[]),0,0,16,16,84.21%
FamilyCar.start(),0,0,3,3,33.33%
FamilyCar.stop(),0,0,3,3,33.33%
FamilyVehicleFactory.createCar(),0,0,3,3,33.33%
FamilyVehicleFactory.createTruck(),0,0,3,3,33.33%
PickupTruck.start(),0,0,3,3,33.33%
PickupTruck.stop(),0,0,3,3,33.33%
SUV.start(),0,0,3,3,33.33%
SUV.stop(),0,0,3,3,33.33%
SportsCar.start(),0,0,3,3,33.33%
SportsCar.stop(),0,0,3,3,33.33%
SportsVehicleFactory.createCar(),0,0,3,3,33.33%
SportsVehicleFactory.createTruck(),0,0,3,3,33.33%
Vehicle.start(),0,n/a,n/a,1,20.00%
Vehicle.stop(),0,n/a,n/a,1,20.00%
VehicleFactory.createCar(),0,n/a,n/a,1,20.00%
VehicleFactory.createTruck(),0,n/a,n/a,1,20.00%

Class,CLOC,JLOC,LOC
Client,1,0,19
FamilyCar,1,0,9
FamilyVehicleFactory,1,0,9
PickupTruck,1,0,9
SUV,1,0,9
SportsCar,1,0,9
SportsVehicleFactory,1,0,9
Vehicle,1,0,5

Interface,CLOC,JLOC,LOC,NCLOC
Car,1,0,3,2
Truck,1,0,3,2
VehicleFactory,1,0,5,4

Package,CLOC,CLOC(rec),JLOC,JLOC(rec),LOC,LOC(rec),LOCp,LOCp(rec),LOCt,LOCt(rec),NCLOC,NCLOCp,NCLOCp(rec),NCLOCt
,0,11,0,0,89,89,89,89,0,0,78,78,78,0

Module,JLOC,L(CSS),L(Groovy),L(HTML),L(J),L(JS),L(JSP),L(KT),L(XML),LOC,LOCp,LOCt,NCLOC,NCLOCp,NCLOCt
AbstractFactory_ChatGPT01_Refactor,0,0,0,0,89,0,0,0,0,114,89,0,103,78,0

FileType,LOC,NCLOC
.gitignore (GitIgnore),25,25
Java,89,78

Project,CLOC,JLOC,L(CSS),L(Groovy),L(HTML),L(J),L(JS),L(JSP),L(KT),L(XML),LOC,LOCp,LOCt,NCLOC,NCLOCp,NCLOCt
project,11,0,0,0,0,89,0,0,0,0,114,89,0,103,78,0

