Complexity metrics,Wed, 31 May 2023 17:09:19 CEST
Method,CogC,ev(G),iv(G),v(G)
main.java.Light.Light(SmartHomeMediator),0,1,1,1
main.java.Light.receiveMessage(String),0,1,1,1
main.java.Light.sendMessage(String),0,1,1,1
main.java.Light.turnOff(),0,1,1,1
main.java.Light.turnOn(),0,1,1,1
main.java.Main.main(String[]),0,1,1,1
main.java.SmartHomeMediatorImpl.SmartHomeMediatorImpl(),0,1,1,1
main.java.SmartHomeMediatorImpl.addAppliance(SmartHomeAppliance),0,1,1,1
"main.java.SmartHomeMediatorImpl.sendMessage(String, SmartHomeAppliance)",3,1,3,3
main.java.Thermostat.Thermostat(SmartHomeMediator),0,1,1,1
main.java.Thermostat.receiveMessage(String),0,1,1,1
main.java.Thermostat.sendMessage(String),0,1,1,1
main.java.Thermostat.setTemperature(int),0,1,1,1

Class,OCavg,OCmax,WMC
main.java.Light,1.00,1,5
main.java.Main,1.00,1,1
main.java.SmartHomeMediatorImpl,1.67,3,5
main.java.Thermostat,1.00,1,4

Package,v(G)avg,v(G)tot
main.java,1.15,15

Module,v(G)avg,v(G)tot
Mediator_ChatGPT02_Refactor,1.15,15

Project,v(G)avg,v(G)tot
project,1.15,15

