Lines of code metrics,Wed, 31 May 2023 09:29:52 CEST
Method,CLOC,JLOC,LOC,NCLOC,RLOC
main.java.Charger.charge(),0,n/a,n/a,1,25.00%
main.java.Main.main(String[]),5,0,12,7,80.00%
main.java.MobileChargerClient.chargeMobile(),0,0,3,3,30.00%
main.java.MobileChargerClient.setCharger(Charger),0,0,3,3,30.00%
main.java.UKMobileCharger.chargeWithUKPlug(),0,0,3,3,50.00%
main.java.UKMobileChargerAdapter.UKMobileChargerAdapter(UKMobileCharger),0,0,3,3,27.27%
main.java.UKMobileChargerAdapter.charge(),0,0,4,4,36.36%

Class,CLOC,JLOC,LOC
main.java.Main,6,0,15
main.java.MobileChargerClient,1,0,10
main.java.UKMobileCharger,1,0,6
main.java.UKMobileChargerAdapter,1,0,11

Interface,CLOC,JLOC,LOC,NCLOC
main.java.Charger,1,0,4,3

Package,CLOC,CLOC(rec),JLOC,JLOC(rec),LOC,LOC(rec),LOCp,LOCp(rec),LOCt,LOCt(rec),NCLOC,NCLOCp,NCLOCp(rec),NCLOCt
,n/a,10,n/a,n/a,n/a,51,n/a,51,n/a,0,n/a,n/a,41,n/a
main,n/a,10,n/a,n/a,n/a,51,n/a,51,n/a,0,n/a,n/a,41,n/a
main.java,0,10,0,0,51,51,51,51,0,0,41,41,41,0

Module,JLOC,L(CSS),L(Groovy),L(HTML),L(J),L(JS),L(JSP),L(KT),L(XML),LOC,LOCp,LOCt,NCLOC,NCLOCp,NCLOCt
Adapter_ChatGPT03_Refactor2,0,0,0,0,51,0,0,0,0,76,51,0,66,41,0

FileType,LOC,NCLOC
.gitignore (GitIgnore),25,25
Java,51,41

Project,CLOC,JLOC,L(CSS),L(Groovy),L(HTML),L(J),L(JS),L(JSP),L(KT),L(XML),LOC,LOCp,LOCt,NCLOC,NCLOCp,NCLOCt
project,10,0,0,0,0,51,0,0,0,0,76,51,0,66,41,0

