Lines of code metrics,Thu, 18 May 2023 21:07:39 CEST
Method,CLOC,JLOC,LOC,NCLOC,RLOC
main.java.Car.start(),0,n/a,n/a,1,20.00%
main.java.Car.stop(),0,n/a,n/a,1,20.00%
main.java.Client.main(String[]),0,0,16,16,84.21%
main.java.FamilyVehicleFactory.createCar(),0,0,3,3,33.33%
main.java.FamilyVehicleFactory.createTruck(),0,0,3,3,33.33%
main.java.PickupTruck.start(),0,0,3,3,33.33%
main.java.PickupTruck.stop(),0,0,3,3,33.33%
main.java.SUV.start(),0,0,3,3,33.33%
main.java.SUV.stop(),0,0,3,3,33.33%
main.java.Sedan.start(),0,0,3,3,33.33%
main.java.Sedan.stop(),0,0,3,3,33.33%
main.java.SportsCar.start(),0,0,3,3,33.33%
main.java.SportsCar.stop(),0,0,3,3,33.33%
main.java.SportsVehicleFactory.createCar(),0,0,3,3,33.33%
main.java.SportsVehicleFactory.createTruck(),0,0,3,3,33.33%
main.java.Truck.start(),0,n/a,n/a,1,20.00%
main.java.Truck.stop(),0,n/a,n/a,1,20.00%
main.java.VehicleFactory.createCar(),0,n/a,n/a,1,20.00%
main.java.VehicleFactory.createTruck(),0,n/a,n/a,1,20.00%

Class,CLOC,JLOC,LOC
main.java.Client,1,0,19
main.java.FamilyVehicleFactory,1,0,9
main.java.PickupTruck,1,0,9
main.java.SUV,1,0,9
main.java.Sedan,1,0,9
main.java.SportsCar,1,0,9
main.java.SportsVehicleFactory,1,0,9

Interface,CLOC,JLOC,LOC,NCLOC
main.java.Car,1,0,5,4
main.java.Truck,1,0,5,4
main.java.VehicleFactory,1,0,5,4

Package,CLOC,CLOC(rec),JLOC,JLOC(rec),LOC,LOC(rec),LOCp,LOCp(rec),LOCt,LOCt(rec),NCLOC,NCLOCp,NCLOCp(rec),NCLOCt
,n/a,10,n/a,n/a,n/a,98,n/a,98,n/a,0,n/a,n/a,88,n/a
main,n/a,10,n/a,n/a,n/a,98,n/a,98,n/a,0,n/a,n/a,88,n/a
main.java,0,10,0,0,98,98,98,98,0,0,88,88,88,0

Module,JLOC,L(CSS),L(Groovy),L(HTML),L(J),L(JS),L(JSP),L(KT),L(XML),LOC,LOCp,LOCt,NCLOC,NCLOCp,NCLOCt
AbstractFactory_ChatGPT02,0,0,0,0,98,0,0,0,0,123,98,0,113,88,0

FileType,LOC,NCLOC
.gitignore (GitIgnore),25,25
Java,98,88

Project,CLOC,JLOC,L(CSS),L(Groovy),L(HTML),L(J),L(JS),L(JSP),L(KT),L(XML),LOC,LOCp,LOCt,NCLOC,NCLOCp,NCLOCt
project,10,0,0,0,0,98,0,0,0,0,123,98,0,113,88,0

