Complexity metrics,Thu, 1 Jun 2023 09:48:43 CEST
Method,CogC,ev(G),iv(G),v(G)
"main.java.LightBulb.LightBulb(SmartHomeMediator, String)",0,1,1,1
main.java.LightBulb.receiveMessage(String),0,1,1,1
main.java.LightBulb.sendMessage(String),0,1,1,1
main.java.Main.main(String[]),0,1,1,1
main.java.SmartHomeHub.SmartHomeHub(),0,1,1,1
main.java.SmartHomeHub.addAppliance(SmartHomeAppliance),0,1,1,1
"main.java.SmartHomeHub.sendMessage(String, SmartHomeAppliance)",3,1,3,3
"main.java.Thermostat.Thermostat(SmartHomeMediator, String)",0,1,1,1
main.java.Thermostat.receiveMessage(String),0,1,1,1
main.java.Thermostat.sendMessage(String),0,1,1,1

Class,OCavg,OCmax,WMC
main.java.LightBulb,1.00,1,3
main.java.Main,1.00,1,1
main.java.SmartHomeHub,1.67,3,5
main.java.Thermostat,1.00,1,3

Package,v(G)avg,v(G)tot
main.java,1.20,12

Module,v(G)avg,v(G)tot
Mediator_ChatGPT03,1.20,12

Project,v(G)avg,v(G)tot
project,1.20,12

