Complexity metrics,Wed, 24 May 2023 13:45:53 CEST
Method,CogC,ev(G),iv(G),v(G)
main.java.FileHandler.FileHandler(),1,1,1,2
main.java.FileHandler.close(),1,1,1,2
main.java.FileHandler.writeLog(String),1,1,1,2
main.java.FileLogger.FileLogger(),0,1,1,1
main.java.FileLogger.close(),0,1,1,1
main.java.FileLogger.getInstance(),3,1,1,3
main.java.FileLogger.log(String),0,1,1,1
main.java.Main.main(String[]),0,1,1,1

Class,OCavg,OCmax,WMC
main.java.FileHandler,1.00,1,3
main.java.FileLogger,1.50,3,6
main.java.Main,1.00,1,1

Package,v(G)avg,v(G)tot
main.java,1.62,13

Module,v(G)avg,v(G)tot
Singleton_ChatGPT03_Refactor2,1.62,13

Project,v(G)avg,v(G)tot
project,1.62,13

