Lines of code metrics,Thu, 25 May 2023 09:43:10 CEST
Method,CLOC,JLOC,LOC,NCLOC,RLOC
main.java.Coffee.getCost(),0,n/a,n/a,1,20.00%
main.java.Coffee.getDescription(),0,n/a,n/a,1,20.00%
main.java.CoffeeDecorator.CoffeeDecorator(Coffee),0,0,3,3,42.86%
main.java.CoffeeShopDemo.main(String[]),3,0,11,8,64.71%
main.java.CoffeeShopDemo.printCoffee(Coffee),0,0,3,3,17.65%
main.java.Milk.Milk(Coffee),0,0,3,3,21.43%
main.java.Milk.getCost(),0,0,4,4,28.57%
main.java.Milk.getDescription(),0,0,4,4,28.57%
main.java.SimpleCoffee.getCost(),0,0,4,4,36.36%
main.java.SimpleCoffee.getDescription(),0,0,4,4,36.36%
main.java.Vanilla.Vanilla(Coffee),0,0,3,3,23.08%
main.java.Vanilla.getCost(),0,0,4,4,30.77%
main.java.Vanilla.getDescription(),0,0,4,4,30.77%

Class,CLOC,JLOC,LOC
main.java.CoffeeDecorator,1,0,7
main.java.CoffeeShopDemo,4,0,17
main.java.Milk,1,0,14
main.java.SimpleCoffee,1,0,11
main.java.Vanilla,0,0,13

Interface,CLOC,JLOC,LOC,NCLOC
main.java.Coffee,1,0,5,4

Package,CLOC,CLOC(rec),JLOC,JLOC(rec),LOC,LOC(rec),LOCp,LOCp(rec),LOCt,LOCt(rec),NCLOC,NCLOCp,NCLOCp(rec),NCLOCt
,n/a,8,n/a,n/a,n/a,73,n/a,73,n/a,0,n/a,n/a,65,n/a
main,n/a,8,n/a,n/a,n/a,73,n/a,73,n/a,0,n/a,n/a,65,n/a
main.java,0,8,0,0,73,73,73,73,0,0,65,65,65,0

Module,JLOC,L(CSS),L(Groovy),L(HTML),L(J),L(JS),L(JSP),L(KT),L(XML),LOC,LOCp,LOCt,NCLOC,NCLOCp,NCLOCt
Decorator_ChatGPT01_refactor,0,0,0,0,73,0,0,0,0,98,73,0,90,65,0

FileType,LOC,NCLOC
.gitignore (GitIgnore),25,25
Java,73,65

Project,CLOC,JLOC,L(CSS),L(Groovy),L(HTML),L(J),L(JS),L(JSP),L(KT),L(XML),LOC,LOCp,LOCt,NCLOC,NCLOCp,NCLOCt
project,8,0,0,0,0,73,0,0,0,0,98,73,0,90,65,0

